{"cameraMode":{"drawMode":0,"name":"Shaded","section":"Shading Mode"},"sceneLighting":true,"audioPlay":false,"sceneViewState":{"m_AlwaysRefresh":false,"showFog":true,"showSkybox":true,"showFlares":true,"showImageEffects":true,"showParticleSystems":true,"showVisualEffectGraphs":true,"m_FxEnabled":true},"in2DMode":false,"pivot":{"x":-406.23309326171877,"y":648.1677856445313,"z":2193.505126953125},"rotation":{"x":-0.07218418270349503,"y":-0.09623502194881439,"z":-0.004602426663041115,"w":0.9934309124946594},"size":1465.4852294921875,"orthographic":false}